<?xml version="1.0" encoding="UTF-8"?>
<GenRun Id="synth_1" LaunchPart="xc7a100tcsg324-1" LaunchTime="1555010343">
  <File Type="VDS-TIMING-PB" Name="RISCV_Top_timing_summary_synth.pb"/>
  <File Type="VDS-TIMINGSUMMARY" Name="RISCV_Top_timing_summary_synth.rpt"/>
  <File Type="RDS-DCP" Name="RISCV_Top.dcp"/>
  <File Type="RDS-UTIL-PB" Name="RISCV_Top_utilization_synth.pb"/>
  <File Type="RDS-UTIL" Name="RISCV_Top_utilization_synth.rpt"/>
  <File Type="RDS-PROPCONSTRS" Name="RISCV_Top_drc_synth.rpt"/>
  <File Type="RDS-RDS" Name="RISCV_Top.vds"/>
  <File Type="REPORTS-TCL" Name="RISCV_Top_reports.tcl"/>
  <File Type="PA-TCL" Name="RISCV_Top.tcl"/>
  <FileSet Name="sources" Type="DesignSrcs" RelSrcDir="$PSRCDIR/sources_1">
    <Filter Type="Srcs"/>
    <File Path="$PSRCDIR/sources_1/imports/p/defines.v">
      <FileInfo>
        <Attr Name="ImportPath" Val="$PPRDIR/../../Desktop/p/defines.v"/>
        <Attr Name="ImportTime" Val="1554229581"/>
        <Attr Name="UsedIn" Val="synthesis"/>
        <Attr Name="UsedIn" Val="implementation"/>
        <Attr Name="UsedIn" Val="simulation"/>
      </FileInfo>
    </File>
    <File Path="$PSRCDIR/sources_1/imports/p/ALUControl.v">
      <FileInfo>
        <Attr Name="ImportPath" Val="$PPRDIR/../../Desktop/p/ALUControl.v"/>
        <Attr Name="ImportTime" Val="1554229581"/>
        <Attr Name="UsedIn" Val="synthesis"/>
        <Attr Name="UsedIn" Val="implementation"/>
        <Attr Name="UsedIn" Val="simulation"/>
      </FileInfo>
    </File>
    <File Path="$PSRCDIR/sources_1/imports/p/ControlUnit.v">
      <FileInfo>
        <Attr Name="ImportPath" Val="$PPRDIR/../../Desktop/p/ControlUnit.v"/>
        <Attr Name="ImportTime" Val="1554229581"/>
        <Attr Name="UsedIn" Val="synthesis"/>
        <Attr Name="UsedIn" Val="implementation"/>
        <Attr Name="UsedIn" Val="simulation"/>
      </FileInfo>
    </File>
    <File Path="$PSRCDIR/sources_1/imports/p/DataMem.v">
      <FileInfo>
        <Attr Name="ImportPath" Val="$PPRDIR/../../Desktop/p/DataMem.v"/>
        <Attr Name="ImportTime" Val="1554238955"/>
        <Attr Name="UsedIn" Val="synthesis"/>
        <Attr Name="UsedIn" Val="implementation"/>
        <Attr Name="UsedIn" Val="simulation"/>
      </FileInfo>
    </File>
    <File Path="$PSRCDIR/sources_1/new/DeMux1_2.v">
      <FileInfo>
        <Attr Name="UsedIn" Val="synthesis"/>
        <Attr Name="UsedIn" Val="implementation"/>
        <Attr Name="UsedIn" Val="simulation"/>
      </FileInfo>
    </File>
    <File Path="$PSRCDIR/sources_1/imports/p/Decoder5_32.v">
      <FileInfo>
        <Attr Name="ImportPath" Val="$PPRDIR/../../Desktop/p/Decoder5_32.v"/>
        <Attr Name="ImportTime" Val="1554229581"/>
        <Attr Name="UsedIn" Val="synthesis"/>
        <Attr Name="UsedIn" Val="implementation"/>
        <Attr Name="UsedIn" Val="simulation"/>
      </FileInfo>
    </File>
    <File Path="$PSRCDIR/sources_1/imports/p/FlipFlop.v">
      <FileInfo>
        <Attr Name="ImportPath" Val="$PPRDIR/../../Desktop/p/FlipFlop.v"/>
        <Attr Name="ImportTime" Val="1554229581"/>
        <Attr Name="UsedIn" Val="synthesis"/>
        <Attr Name="UsedIn" Val="implementation"/>
        <Attr Name="UsedIn" Val="simulation"/>
      </FileInfo>
    </File>
    <File Path="$PSRCDIR/sources_1/new/Forward_U.v">
      <FileInfo>
        <Attr Name="UsedIn" Val="synthesis"/>
        <Attr Name="UsedIn" Val="implementation"/>
        <Attr Name="UsedIn" Val="simulation"/>
      </FileInfo>
    </File>
    <File Path="$PSRCDIR/sources_1/imports/p/Full_Adder.v">
      <FileInfo>
        <Attr Name="ImportPath" Val="$PPRDIR/../../Desktop/p/Full_Adder.v"/>
        <Attr Name="ImportTime" Val="1554229581"/>
        <Attr Name="UsedIn" Val="synthesis"/>
        <Attr Name="UsedIn" Val="implementation"/>
        <Attr Name="UsedIn" Val="simulation"/>
      </FileInfo>
    </File>
    <File Path="$PSRCDIR/sources_1/imports/p/ImmGen.v">
      <FileInfo>
        <Attr Name="ImportPath" Val="$PPRDIR/../../Desktop/p/ImmGen.v"/>
        <Attr Name="ImportTime" Val="1554229581"/>
        <Attr Name="UsedIn" Val="synthesis"/>
        <Attr Name="UsedIn" Val="implementation"/>
        <Attr Name="UsedIn" Val="simulation"/>
      </FileInfo>
    </File>
    <File Path="$PSRCDIR/sources_1/imports/p/Mux2_1.v">
      <FileInfo>
        <Attr Name="ImportPath" Val="$PPRDIR/../../Desktop/p/Mux2_1.v"/>
        <Attr Name="ImportTime" Val="1554229581"/>
        <Attr Name="UsedIn" Val="synthesis"/>
        <Attr Name="UsedIn" Val="implementation"/>
        <Attr Name="UsedIn" Val="simulation"/>
      </FileInfo>
    </File>
    <File Path="$PSRCDIR/sources_1/imports/p/Mux4_1.v">
      <FileInfo>
        <Attr Name="ImportPath" Val="$PPRDIR/../../Desktop/p/Mux4_1.v"/>
        <Attr Name="ImportTime" Val="1554229581"/>
        <Attr Name="UsedIn" Val="synthesis"/>
        <Attr Name="UsedIn" Val="implementation"/>
        <Attr Name="UsedIn" Val="simulation"/>
      </FileInfo>
    </File>
    <File Path="$PSRCDIR/sources_1/imports/p/RISCV.v">
      <FileInfo>
        <Attr Name="ImportPath" Val="$PPRDIR/../../Desktop/p/RISCV.v"/>
        <Attr Name="ImportTime" Val="1554229581"/>
        <Attr Name="UsedIn" Val="synthesis"/>
        <Attr Name="UsedIn" Val="implementation"/>
        <Attr Name="UsedIn" Val="simulation"/>
      </FileInfo>
    </File>
    <File Path="$PSRCDIR/sources_1/imports/p/RegFile.v">
      <FileInfo>
        <Attr Name="ImportPath" Val="$PPRDIR/../../Desktop/p/RegFile.v"/>
        <Attr Name="ImportTime" Val="1554229581"/>
        <Attr Name="UsedIn" Val="synthesis"/>
        <Attr Name="UsedIn" Val="implementation"/>
        <Attr Name="UsedIn" Val="simulation"/>
      </FileInfo>
    </File>
    <File Path="$PSRCDIR/sources_1/imports/p/RegWLoad.v">
      <FileInfo>
        <Attr Name="ImportPath" Val="$PPRDIR/../../Desktop/p/RegWLoad.v"/>
        <Attr Name="ImportTime" Val="1554229581"/>
        <Attr Name="UsedIn" Val="synthesis"/>
        <Attr Name="UsedIn" Val="implementation"/>
        <Attr Name="UsedIn" Val="simulation"/>
      </FileInfo>
    </File>
    <File Path="$PSRCDIR/sources_1/imports/p/RippleAdder.v">
      <FileInfo>
        <Attr Name="ImportPath" Val="$PPRDIR/../../Desktop/p/RippleAdder.v"/>
        <Attr Name="ImportTime" Val="1554229581"/>
        <Attr Name="UsedIn" Val="synthesis"/>
        <Attr Name="UsedIn" Val="implementation"/>
        <Attr Name="UsedIn" Val="simulation"/>
      </FileInfo>
    </File>
    <File Path="$PSRCDIR/sources_1/imports/p/SSDDriver.v">
      <FileInfo>
        <Attr Name="ImportPath" Val="$PPRDIR/../../Desktop/p/SSDDriver.v"/>
        <Attr Name="ImportTime" Val="1554229581"/>
        <Attr Name="UsedIn" Val="synthesis"/>
        <Attr Name="UsedIn" Val="implementation"/>
        <Attr Name="UsedIn" Val="simulation"/>
      </FileInfo>
    </File>
    <File Path="$PSRCDIR/sources_1/imports/p/branch_unit.v">
      <FileInfo>
        <Attr Name="ImportPath" Val="$PPRDIR/../../Desktop/p/branch_unit.v"/>
        <Attr Name="ImportTime" Val="1554229581"/>
        <Attr Name="UsedIn" Val="synthesis"/>
        <Attr Name="UsedIn" Val="implementation"/>
        <Attr Name="UsedIn" Val="simulation"/>
      </FileInfo>
    </File>
    <File Path="$PSRCDIR/sources_1/imports/p/prv32_ALU.v">
      <FileInfo>
        <Attr Name="ImportPath" Val="$PPRDIR/../../Desktop/p/prv32_ALU.v"/>
        <Attr Name="ImportTime" Val="1554229581"/>
        <Attr Name="UsedIn" Val="synthesis"/>
        <Attr Name="UsedIn" Val="implementation"/>
        <Attr Name="UsedIn" Val="simulation"/>
      </FileInfo>
    </File>
    <File Path="$PSRCDIR/sources_1/imports/p/shifter.v">
      <FileInfo>
        <Attr Name="ImportPath" Val="$PPRDIR/../../Desktop/p/shifter.v"/>
        <Attr Name="ImportTime" Val="1554229581"/>
        <Attr Name="UsedIn" Val="synthesis"/>
        <Attr Name="UsedIn" Val="implementation"/>
        <Attr Name="UsedIn" Val="simulation"/>
      </FileInfo>
    </File>
    <File Path="$PSRCDIR/sources_1/imports/p/RISCV_Top.v">
      <FileInfo>
        <Attr Name="ImportPath" Val="$PPRDIR/../../Desktop/p/RISCV_Top.v"/>
        <Attr Name="ImportTime" Val="1554229581"/>
        <Attr Name="UsedIn" Val="synthesis"/>
        <Attr Name="UsedIn" Val="implementation"/>
        <Attr Name="UsedIn" Val="simulation"/>
      </FileInfo>
    </File>
    <File Path="$PSRCDIR/sources_1/new/PC.v">
      <FileInfo>
        <Attr Name="AutoDisabled" Val="1"/>
        <Attr Name="UsedIn" Val="synthesis"/>
        <Attr Name="UsedIn" Val="implementation"/>
        <Attr Name="UsedIn" Val="simulation"/>
      </FileInfo>
    </File>
    <File Path="$PSRCDIR/sources_1/imports/p/InstMem.v">
      <FileInfo>
        <Attr Name="AutoDisabled" Val="1"/>
        <Attr Name="ImportPath" Val="$PPRDIR/../../Desktop/p/InstMem.v"/>
        <Attr Name="ImportTime" Val="1554238960"/>
        <Attr Name="UsedIn" Val="synthesis"/>
        <Attr Name="UsedIn" Val="implementation"/>
        <Attr Name="UsedIn" Val="simulation"/>
      </FileInfo>
    </File>
    <File Path="$PSRCDIR/sources_1/imports/p/AdderSub.v">
      <FileInfo>
        <Attr Name="AutoDisabled" Val="1"/>
        <Attr Name="ImportPath" Val="$PPRDIR/../../Desktop/p/AdderSub.v"/>
        <Attr Name="ImportTime" Val="1554229581"/>
        <Attr Name="UsedIn" Val="synthesis"/>
        <Attr Name="UsedIn" Val="implementation"/>
        <Attr Name="UsedIn" Val="simulation"/>
      </FileInfo>
    </File>
    <File Path="$PSRCDIR/sources_1/imports/p/RISCV_tb.v">
      <FileInfo>
        <Attr Name="AutoDisabled" Val="1"/>
        <Attr Name="ImportPath" Val="$PPRDIR/../../Desktop/p/RISCV_tb.v"/>
        <Attr Name="ImportTime" Val="1554229581"/>
        <Attr Name="UsedIn" Val="synthesis"/>
        <Attr Name="UsedIn" Val="implementation"/>
        <Attr Name="UsedIn" Val="simulation"/>
      </FileInfo>
    </File>
    <File Path="$PSRCDIR/sources_1/imports/p/ShiftLeft1.v">
      <FileInfo>
        <Attr Name="AutoDisabled" Val="1"/>
        <Attr Name="ImportPath" Val="$PPRDIR/../../Desktop/p/ShiftLeft1.v"/>
        <Attr Name="ImportTime" Val="1554229581"/>
        <Attr Name="UsedIn" Val="synthesis"/>
        <Attr Name="UsedIn" Val="implementation"/>
        <Attr Name="UsedIn" Val="simulation"/>
      </FileInfo>
    </File>
    <Config>
      <Option Name="DesignMode" Val="RTL"/>
      <Option Name="TopModule" Val="RISCV_Top"/>
      <Option Name="TopAutoSet" Val="TRUE"/>
    </Config>
  </FileSet>
  <FileSet Name="constrs_in" Type="Constrs" RelSrcDir="$PSRCDIR/constrs_1">
    <Filter Type="Constrs"/>
    <File Path="$PSRCDIR/constrs_1/imports/p/PackagePins.xdc">
      <FileInfo>
        <Attr Name="ImportPath" Val="$PPRDIR/../../Desktop/p/PackagePins.xdc"/>
        <Attr Name="ImportTime" Val="1554229581"/>
        <Attr Name="UsedIn" Val="synthesis"/>
        <Attr Name="UsedIn" Val="implementation"/>
      </FileInfo>
    </File>
    <Config>
      <Option Name="TargetConstrsFile" Val="$PSRCDIR/constrs_1/imports/p/PackagePins.xdc"/>
      <Option Name="ConstrsType" Val="XDC"/>
    </Config>
  </FileSet>
  <FileSet Name="utils" Type="Utils" RelSrcDir="$PSRCDIR/utils_1">
    <Filter Type="Utils"/>
    <Config>
      <Option Name="TopAutoSet" Val="TRUE"/>
    </Config>
  </FileSet>
  <Strategy Version="1" Minor="2">
    <StratHandle Name="Vivado Synthesis Defaults" Flow="Vivado Synthesis 2018"/>
    <Step Id="synth_design"/>
  </Strategy>
</GenRun>
